<xml xmlns="https://developers.google.com/blockly/xml"><block type="comment_block" id="y^e[]3zmDelJM5p^#(|;" x="52" y="16"><field name="COMMENT">Yellow LED ONOff</field></block><block type="start_block" id="SLC|un-}RJlQ:sWZ.O@T" x="54" y="58"><next><block type="connect" id="M)s$p|6BE~k[Q74iqwJ{"><next><block type="delay" id="hxfDxKnzPf3SJZ6l9e5e"><field name="DELAY">5000</field><next><block type="log_block" id="RT~N)tECnCE)/kkZxwN4"><value name="TEXT"><block type="text_literal" id="NRpLMeNpvTay]x2ZoW)="><field name="TEXT">Setting LED ON</field></block></value><next><block type="yellow_led_on" id="!unu7]8vB5f4oHp^wu.Y"><next><block type="delay" id="Jx,ba1=f@PDCzz[atS:U"><field name="DELAY">2000</field><next><block type="yellow_led_off" id="R0b/P+bQbslm$|i5qr=C"><next><block type="stop_block" id="5v,YFyF(.4[QQ9z.`a3c"></block></next></block></next></block></next></block></next></block></next></block></next></block></next></block></xml>