<xml xmlns="https://developers.google.com/blockly/xml"><variables><variable id=";WS!h8X0r0JUeur![Ma2">x</variable></variables><block type="start_block" id="oOeG?c;,8L;i#H?PYx=d" x="169" y="48"><next><block type="variables_set" id="|iF^mG+]Zr3%V6|=GxO^"><field name="VAR" id=";WS!h8X0r0JUeur![Ma2">x</field><value name="VALUE"><block type="math_number" id="tYU1bvI2-}4%g6xu;Qy."><field name="NUM">5</field></block></value><next><block type="logic_if" id="MEtx``Uxv%1!^@95e,^I"><value name="COND"><block type="logic_compare_eq" id="_/S{_0xi.f/3W*?j1l7]"><value name="A"><block type="variables_get" id="goazfbNW2WDsY_EI:ezO"><field name="VAR" id=";WS!h8X0r0JUeur![Ma2">x</field></block></value><value name="B"><block type="math_number" id="{@#GFL;~{4]{7bV_aP53"><field name="NUM">5</field></block></value></block></value><statement name="DO"><block type="log_block" id="I;B(]UO}UO{4wx$7e,;c"><value name="TEXT"><block type="text_literal" id="y-bk=IjCBd~[kk-.1sVk"><field name="TEXT">VAROK</field></block></value></block></statement><next><block type="stop_block" id="st/DZrNQJ8|~jG,osfV9"></block></next></block></next></block></next></block></xml>